,A,B,C,D
2000-01-01,-0.19659189246332767,0.4583024070377782,-0.885661357741523,1.3154765526166696
2000-01-02,-0.3847437065467027,1.6019341194859267,-0.09142434110375097,2.1036908335803046
2000-01-03,0.3625172022499717,3.5605276276966906,1.6868937664514854,3.408178076269274
2000-01-04,0.1436816588024487,3.5631872070925596,1.6242985642420098,4.379370582985044
2000-01-05,0.9875299973841525,4.9185788746086345,1.7593213572779405,2.9070585292047726
2000-01-06,-0.5524817731747005,4.103881440421782,0.07094515229229215,3.3802403239641006
2000-01-07,-0.21950311627357716,4.057771586478026,1.0347452712218352,4.555518996755488
2000-01-08,-1.354549565759364,2.048989068285774,1.4365429137098686,4.984161944104438
2000-01-09,-1.6898240394400907,1.762993671145145,-0.2071716722600372,5.33836903484454
2000-01-10,-1.734365760042507,2.6407491046307072,-1.0160504900774858,4.663625349739013
2000-01-11,-1.5659818883015177,3.8249965336886342,-1.7222761180599666,5.271580216906041
2000-01-12,-1.9561941296382777,3.3060029190351914,0.5633627727476718,5.0423070446463365
2000-01-13,-2.5383066669686327,2.4030815707308117,0.14144867888097157,4.332368901375664
2000-01-14,-4.491818381524736,3.426457269230589,0.9828127447772036,4.145057497941454
2000-01-15,-3.6074213356400087,4.753357585411,0.6622509651689336,4.891367178584682
2000-01-16,-3.7462607944860227,4.094633524043278,-0.04262796584109019,5.2683183743817725
2000-01-17,-3.4198548805350515,4.311104885240659,0.050785730018964234,4.404621276815521
2000-01-18,-4.347196135412535,4.996459575976993,0.9462267355582349,4.621066498705444
2000-01-19,-5.491038218785614,3.334933552982149,1.1296949345928367,5.7249946311570445
2000-01-20,-3.173470607851606,4.272026975357658,0.5016191166470165,7.8742039804663815
2000-01-21,-1.8605687271471236,3.105726444993274,2.0611946693340846,5.242431890156279
2000-01-22,-2.2356860094990947,2.7504428951455404,0.7927022752949002,4.891275961467562
2000-01-23,-2.623000729529074,3.3144928270058536,-1.78452585487152,3.9984074767424094
2000-01-24,-2.360463696085029,2.828450906277202,-2.36020871252182,3.2518385558819345
2000-01-25,-3.4266974879398253,1.2651147194291101,-2.645544899820945,3.5527900866789897
2000-01-26,-3.254082504166648,1.511081178716519,-2.1559424645744674,4.010190312493337
2000-01-27,-2.456595179672236,1.5884306890468174,-2.8694916353222144,3.904721570606034
2000-01-28,-4.338021696635759,1.9405605934314594,-1.317109579228984,3.7655522053221966
2000-01-29,-5.1482869375720455,1.898574644224614,-1.6491871366956627,4.772413176897082
2000-01-30,-5.037074398485459,2.1196416617038785,-1.883984659346496,3.4419149924749624
2000-01-31,-4.361174257986705,2.2009780899419034,-1.986835448282314,3.763503627139925
2000-02-01,-4.7832456884412915,1.052712780964046,-1.448766209243262,1.4575175944238503
2000-02-02,-5.490964727103444,-0.8253083574543314,-0.6711944794816646,1.1673190465044883
2000-02-03,-5.639637529135849,1.7695529660474516,-2.859647476321571,1.4768308649994124
2000-02-04,-5.2049449814981505,1.2322639225450136,-3.1939998677792407,2.2314219136695987
2000-02-05,-4.972233196756317,2.7708645346539487,-2.4499300951718275,2.3873928549657126
2000-02-06,-6.2139424705714275,2.747711368515441,-3.0160029071992285,1.4831351862622923
2000-02-07,-5.627619705325131,0.9317484631196964,-2.754381458629082,1.2894962126222702
2000-02-08,-6.6540543364002325,-0.6667527204161938,-2.7738911527467462,1.4881598716156006
2000-02-09,-4.622726664025233,-1.3614927943230324,-1.6863890741284653,2.050326929817716
2000-02-10,-4.212539910058364,-0.4466198704625244,0.5663524095649248,2.093613800341734
2000-02-11,-3.9202158674769345,-0.27130334379569304,2.500259407562694,3.13167297086273
2000-02-12,-3.86532781550023,-1.041312451152925,2.594171600745591,3.936642259592034
2000-02-13,-4.10379267001363,-0.47142891165972656,3.116185354550014,6.389476708919291
2000-02-14,-1.735162140638665,1.2151201078334934,2.502809453247581,6.045255279151496
2000-02-15,-1.2695404792459555,1.9450708782296964,3.232925701955342,8.411317685469385
2000-02-16,-1.206979661220248,1.1303023959428233,5.3800429670380705,9.37249686158745
2000-02-17,-1.9234126811277248,3.0394742737978957,5.326985988866915,10.27670060633082
2000-02-18,-1.0294559683725746,2.5328966800851607,5.399071566284028,10.93493747589075
2000-02-19,-2.087082122542085,1.748939404503676,5.980684090939464,13.224056929796628
2000-02-20,-1.1331176619561485,1.323268766086122,4.596225387146945,13.724460419933383
2000-02-21,-1.532066912622469,1.319986881673572,2.2391751245606923,13.864084815350756
2000-02-22,-2.2883933268995706,1.779774527230178,1.6868027545022195,13.742311795462227
2000-02-23,-1.7405483733546037,1.583464791265426,1.2249098233747895,14.349092775900296
2000-02-24,-0.9775068912830052,2.020492927132908,1.7185860213139965,14.210083419608182
2000-02-25,-3.715859967432932,1.523512856051588,2.850575936054135,13.08052903455573
2000-02-26,-4.647158924781853,2.797262534232427,2.5805881372216803,14.658010544651127
2000-02-27,-6.226937697114415,3.56349318979249,2.9482391925137503,14.917917142987092
2000-02-28,-5.988699127368501,2.810024106533482,2.4763500141036574,14.075452316688073
2000-02-29,-6.562465933037469,3.042568475751529,3.5908696221394005,12.573298134080428
2000-03-01,-7.588625089243055,3.6431673429696634,4.371536065249382,11.44870917763462
2000-03-02,-7.4003526624529075,3.8797383771206673,4.523999858769256,12.233288626456709
2000-03-03,-7.080796454657705,4.7901397207892815,5.8387053322790905,11.218364805052948
2000-03-04,-7.440285132316245,5.414391799264765,6.839410635183469,13.811425978236855
2000-03-05,-8.269976930244882,4.8032824955629,7.388727333554104,11.971219294024323
2000-03-06,-9.724802293616845,5.75971465846699,7.595598169396331,11.964938171160231
2000-03-07,-9.97674401589264,3.784164679614883,8.109508486381642,14.446041154819989
2000-03-08,-9.716640067792175,6.116791263160939,7.669355703619451,15.337888512972022
2000-03-09,-9.208437460330005,5.59334820669523,6.589191458702342,13.516342129141831
2000-03-10,-10.266622470708045,5.336711838196058,5.468138065490027,12.808695078492725
2000-03-11,-9.518591086814444,5.722205398193939,6.648548198331041,12.742747046447192
2000-03-12,-10.402586096971053,4.437672830618584,8.107815834195394,13.747891562375543
2000-03-13,-9.474377182371015,6.360570083737232,9.04276573574606,14.386661863442987
2000-03-14,-10.770932447574987,6.817140084287693,8.824653590762178,13.57400713674488
2000-03-15,-9.83118570866727,7.526005698523252,10.045810344855186,13.189527517103798
2000-03-16,-9.214025399477274,7.080155869927603,9.106750593899056,12.947732759739068
2000-03-17,-10.336816641232742,8.945023451359923,9.186653059305987,14.839333314296534
2000-03-18,-11.04673745430152,7.734928690842306,8.555008504446688,14.666898491582822
2000-03-19,-12.06673570516021,5.993000356368454,8.149735951619348,16.378047967982397
2000-03-20,-12.9169993998339,7.361063306904825,8.080931878651718,17.55486753622046
2000-03-21,-14.314119992555655,7.8359308861504315,7.1642019697234725,17.12620826961178
2000-03-22,-13.065076897625369,6.255113157228825,5.913148219877756,16.581552066819366
2000-03-23,-11.967507322785867,6.601943005100125,6.893315147945938,17.25284869793206
2000-03-24,-13.778679169545976,6.70826755329593,8.548202166934288,18.071214602801973
2000-03-25,-13.563332217314857,5.484190772057977,8.097086832028921,17.975006598296332
2000-03-26,-15.381516224086065,5.409496790919127,6.118421250859043,19.012515327633555
2000-03-27,-14.707337769731431,4.527861868640588,5.140332355070479,20.807281902509505
2000-03-28,-15.608292584070949,4.257987194562517,4.254509012433197,20.67775006982924
2000-03-29,-15.982686963226525,1.9370920465497692,4.198442807722009,20.68357901990553
2000-03-30,-16.37487863034551,0.9238988965035584,5.268634876837894,21.279925927545914
2000-03-31,-14.25986250761752,1.49931181389573,5.195514790919578,22.23126583808472
2000-04-01,-14.327077257167629,3.1875550717835646,4.826633596909109,20.895914288068123
2000-04-02,-13.056218922390645,3.2134563708128563,4.707498185588712,20.750563459745603
2000-04-03,-12.327703220181753,4.820255109871835,4.733055111049412,21.247650944079453
2000-04-04,-11.939976054514096,4.565618898267001,3.3085814436745595,21.191861921927664
2000-04-05,-12.855145299672186,4.948756766631157,2.5869890198378354,21.44229545719775
2000-04-06,-11.831836252746061,3.5101561983846414,0.8693577213823085,21.37189380881683
2000-04-07,-12.738747988814431,5.401248362772376,-0.25419328274855446,21.607801056242057
2000-04-08,-13.482264829257966,5.527178452989398,-0.6273637563003893,20.562477912227987
2000-04-09,-11.833237081388296,5.07692577704647,-2.1429054276445667,20.171133307662185
2000-04-10,-13.697027670588339,4.2120603615949035,-1.399223428644072,22.67023358749836
2000-04-11,-16.100945080994812,5.301040894506251,-1.363127452311398,22.626490785548317
2000-04-12,-15.63577929946238,5.7572727021416545,-2.2237456087090166,23.572128129727275
2000-04-13,-15.62093438761016,6.652099433326103,-2.536739070491641,23.59196700881925
2000-04-14,-16.526027214841786,6.690793457575854,-3.492974344269956,24.040089798478654
2000-04-15,-16.910324214820815,6.428385732439396,-2.386699957030753,25.101493555247245
2000-04-16,-16.93379470475512,5.023436884747989,-2.360023122983397,25.029631219676965
2000-04-17,-14.577338422649063,4.854632587072993,-1.5241810032190344,25.731064433789246
2000-04-18,-15.224237291331546,5.232796393261815,0.3476392970628872,25.435508289711787
2000-04-19,-14.45992267754169,5.172419944152565,1.1354110386339733,25.334708916139526
2000-04-20,-13.97111039755021,5.517455888025468,1.28669033046581,26.337461611266935
2000-04-21,-12.285614727054476,6.05438840558923,1.1604753213313341,27.411691266242244
2000-04-22,-13.677716272024758,9.09743659987734,0.9327069490810003,28.72699734993186
2000-04-23,-13.231253378413765,8.6367855085621,-0.5368748659561142,28.23399541405197
2000-04-24,-13.997683921707603,8.354870181079104,-0.5976768432469288,28.125460261151144
2000-04-25,-15.944359182811144,8.346336695602892,-1.0160303049913748,28.852040102458314
2000-04-26,-15.899078287007194,8.198373650506705,1.2320440023880923,28.414224960512904
2000-04-27,-16.339195199007072,6.823572950667751,2.0013167042167836,28.521599000303507
2000-04-28,-15.29790923806227,7.425921446310515,1.5088934284429645,28.858915386962153
2000-04-29,-15.107313013349321,7.733316997476807,1.0288790278466047,28.460503666347737
2000-04-30,-14.05970536620269,8.035535094344201,0.48675517569348803,26.765539093160953
2000-05-01,-13.836578680248419,7.97221237914149,0.5847963586409614,25.96566247061889
2000-05-02,-13.995480146270095,7.378199475653992,-0.5998560711321769,25.05760192674488
2000-05-03,-14.160328799429776,6.667396555978779,1.499519743093198,24.871791355604813
2000-05-04,-13.787454789439664,7.737037907752684,2.373106241536914,25.264418782014214
2000-05-05,-13.868877649232846,7.373141934603045,2.440554412528593,25.03331700195319
2000-05-06,-14.317902981673312,4.94272616153294,2.519506035363331,25.135697782851743
2000-05-07,-12.37925561034092,4.262973465512892,1.0895517655959825,25.080639062844295
2000-05-08,-13.253135611647618,4.429225811251986,1.545441189302502,26.327412821121854
2000-05-09,-13.865969770140174,3.8015388760353335,3.041494666088785,26.51077254679136
2000-05-10,-14.652605190063989,4.447494362095659,3.2002207948910733,25.736244288078282
2000-05-11,-14.863881030141144,3.6244571492770987,3.0542536326813363,27.206977926467715
2000-05-12,-16.92333304146723,4.224545896825771,3.2439621894771076,27.592749507681866
2000-05-13,-18.374611917562873,6.642328125737247,2.9801044101615037,25.735834386452794
2000-05-14,-18.010152815608166,6.373832598546007,3.2286787603587674,25.836261521332457
2000-05-15,-15.70570136888559,5.624824941953875,5.604499350493885,25.504538423273537
2000-05-16,-16.279973793386276,3.157742332699732,6.133844011635163,25.53178147920382
2000-05-17,-16.432019319244322,2.08567181927837,4.5308419925693695,26.321531672707795
2000-05-18,-15.000739701283315,2.36157274291951,3.9899816815383,28.82402676476685
2000-05-19,-16.04328681552736,1.8208839544204052,3.457718886274354,28.8361693880225
2000-05-20,-14.879128141684332,2.8372616071711976,5.988232771501054,29.65084166719933
2000-05-21,-13.2426659641439,2.6378413130738974,5.38967455885793,29.959710539749253
2000-05-22,-12.915132615403227,2.30393378232832,5.282491462863324,28.817392316443115
2000-05-23,-14.191520638508159,2.467951718095762,6.077881468483952,28.346071752867534
2000-05-24,-14.848443697325145,2.723239945232175,5.82022146061556,28.93313256131114
2000-05-25,-15.290815984887354,4.253473677510402,7.200580348268652,30.765051016114825
2000-05-26,-14.25760739973829,5.09328958913923,7.698160675368869,32.399009668246286
2000-05-27,-14.682273262391766,3.841790481326162,9.464446872910756,31.13193595802835
2000-05-28,-13.200651504738428,5.696892663084407,8.579894453227212,32.80447421549851
2000-05-29,-15.578794806972535,6.646441541564756,8.703829801002673,32.452982090142804
2000-05-30,-16.703157941872284,6.117317491538271,8.604064503546377,32.82516389413484
2000-05-31,-17.449764239496304,7.275757564604904,7.8759863721716625,32.6851185442659
2000-06-01,-17.928435246901962,7.8080214343601515,7.644339367971297,32.609235637310306
2000-06-02,-17.622272808086414,9.428168309887443,7.880423375430225,34.14522392090415
2000-06-03,-17.72084984638552,10.008112684834643,8.30287861386325,36.923191902322465
2000-06-04,-17.215774482959247,8.511365203547205,8.26155649683562,36.52183643583485
2000-06-05,-16.832235278982047,7.344298576033089,9.048872108039909,38.18266690826342
2000-06-06,-16.357708681328855,6.63780271322372,8.385115752329963,38.86462036343606
2000-06-07,-17.08700517412222,6.90473039723153,7.061773448943709,39.13942566372104
2000-06-08,-17.804256999975216,5.611564021752259,5.10644923004087,39.705403459332864
2000-06-09,-18.10267388800854,5.118654394981961,5.349509897492567,39.747750483354984
2000-06-10,-17.81763916084871,2.202032219370665,5.416702959779897,37.62689982022855
2000-06-11,-18.531187863231636,2.325418452015112,7.048963400785224,36.87775970417775
2000-06-12,-19.61313519915768,1.0855985888240898,7.662979533604681,35.87808214913424
2000-06-13,-19.88999011402505,0.42105052030942947,7.473379912542394,34.42920083899909
2000-06-14,-19.979119652521437,0.04346263012329826,8.665082546345731,34.09836899848043
2000-06-15,-21.565326561106783,0.917026080913405,7.362868333877097,34.16273523197997
2000-06-16,-24.52409042235279,1.5413198458470834,8.668876927818204,33.14713870824527
2000-06-17,-26.591085868735927,2.5904496375796127,8.434923874771494,33.74030754587814
2000-06-18,-27.271198473868836,2.5732401335231194,8.388920649355773,33.69774944526642
2000-06-19,-27.489333439144406,2.9597996864710447,7.981283071363994,34.616976417562086
2000-06-20,-26.64478297725036,1.9123717077869382,7.957940070986694,33.76723520390736
2000-06-21,-27.445414570777697,2.2789613994378835,7.126028769915287,33.92423474330289
2000-06-22,-26.532189414135825,1.8260726733747235,7.056802244788768,34.64450764306654
2000-06-23,-28.22481419752047,1.5646167626484135,8.098268973525386,34.82545038907498
2000-06-24,-26.70876423404929,1.301400225401646,7.529256267272224,34.37775752934444
2000-06-25,-26.791588983318103,2.0482300060463556,6.119248492185672,34.29343943245038
2000-06-26,-27.875028431422102,2.6599564591365943,6.830560939490246,33.85629884700415
2000-06-27,-27.556674435372134,2.6300736086088032,6.159218515552177,34.40049917423818
2000-06-28,-28.225870963147177,2.9537080941606764,7.007867983610932,32.70531577249664
2000-06-29,-27.011923427940708,2.0235617804756942,7.579856132270312,33.48190968153828
2000-06-30,-26.07731382731278,1.7322711125417851,7.269230239641917,32.796277686229395
2000-07-01,-25.553899033981157,-0.46197510582229695,7.464265637677344,33.23622280369598
2000-07-02,-25.43216724522864,-0.7536497662571857,8.121696684244942,34.321491041583705
2000-07-03,-25.833809001450668,-2.2767271197786076,7.19752659060059,35.679957570944644
2000-07-04,-26.513168056450382,-2.282314548133028,7.686690148072791,33.14132797125987
2000-07-05,-27.0709966385724,-2.3833109101000542,6.797827841555277,32.64484852846751
2000-07-06,-27.043616425807475,-3.751929320899022,6.914882833056934,32.228536322787534
2000-07-07,-26.624830390748606,-4.0177779276552394,6.621956898430366,31.320132596308657
2000-07-08,-27.384499248420763,-5.908555927779934,4.797216389555116,30.952600755680056
2000-07-09,-26.534862925872133,-5.794521103595218,4.519761401157541,30.338989484057535
2000-07-10,-26.78692192474691,-5.674884035131055,4.455373888587222,29.983615898717247
2000-07-11,-27.262307704552317,-6.0496056726865675,2.717009053886534,30.542415929741097
2000-07-12,-28.949883324469663,-4.332991569997663,3.6881723814448266,28.133009403812736
2000-07-13,-29.410351063207386,-3.7864965218840214,2.414084876233372,27.31310396076693
2000-07-14,-28.920875664432792,-4.353321202009057,1.6411832561350894,29.450792178350184
2000-07-15,-28.70804425983588,-3.9949638256185405,1.8371404000697529,27.826674326709895
2000-07-16,-28.762537529909988,-2.1813714095808345,3.5133078525815407,28.064645955872727
2000-07-17,-28.926111044782363,-2.712714575188212,2.1481995477590248,27.834893361876404
2000-07-18,-27.50560240697448,-1.8992807075444518,2.347242149726079,27.959190370129757
2000-07-19,-27.97056272121496,-2.097278214263044,1.8280418814131443,27.547271742034255
2000-07-20,-27.81275959821895,-3.4343313142394924,1.558958580834784,26.671778908166953
2000-07-21,-26.88756773727875,-1.8131928125435086,1.9582288145239688,26.38887585667832
2000-07-22,-28.130258740029394,-3.1725446513758984,0.7197099719511253,25.78208525991933
2000-07-23,-27.835951335017285,-3.7753397871499317,0.8900797230596802,25.46623375583954
2000-07-24,-28.563820190088897,-4.761282278711641,1.3013774060695522,26.506864544784833
2000-07-25,-27.8157905492884,-4.184131021932173,1.7151996746508864,27.419735970790605
2000-07-26,-28.931335935027448,-3.044541587947163,1.9886640334576433,27.216706326635958
2000-07-27,-29.172516135246706,-4.050099438984146,2.541059001624856,27.68473327701981
2000-07-28,-29.040473813454465,-4.583412582584915,3.105978721904438,27.84301084039738
2000-07-29,-31.02081539994919,-5.461766180197253,3.9667016130730084,27.816328814061755
2000-07-30,-30.30353531726832,-5.786203979649416,3.935705966562299,26.76327536654869
2000-07-31,-30.581561609963707,-4.272982430689986,3.077255472583209,26.20507140154983
2000-08-01,-29.034935566224828,-6.385508230899485,3.3702394947758387,26.95072899292861
2000-08-02,-28.466759617363053,-7.965585656206635,2.268280733927199,26.238523774550043
2000-08-03,-29.43469782740309,-7.870303038451214,1.9276445151714172,25.634830466497473
2000-08-04,-28.773789605886684,-7.15246504981009,2.2833908165197183,23.017755019934555
2000-08-05,-29.307675874022944,-8.714688960163006,0.23463917080050045,21.441990460444863
2000-08-06,-29.829882672980187,-8.061021001090785,0.9286277633980244,22.43391097910961
2000-08-07,-29.570893861746942,-6.331638928244854,1.524863442280361,22.22340035841539
2000-08-08,-29.450080741690055,-5.8472157735932,1.7606769934740407,20.686093348116678
2000-08-09,-31.02211307771947,-4.827958524255292,1.0080981175830845,20.770507475798553
2000-08-10,-30.752267078222527,-5.03418816139989,-1.76026595931675,20.360543974873437
2000-08-11,-30.302894915191597,-5.232476294618811,-2.461750940908935,20.74842728846092
2000-08-12,-30.789757825684255,-5.331295887186666,-2.3534416950252686,20.25522661819204
2000-08-13,-31.025405449424078,-4.829488271083372,-1.6651361911134281,19.49879661163288
2000-08-14,-30.642963975361774,-6.177009884816712,-2.2005144021499254,17.763822109873878
2000-08-15,-32.047815105844485,-5.127709823157359,-2.1066737547880203,17.59867956149741
2000-08-16,-32.18121548349727,-6.847016079925861,-0.01587345383802674,16.663061666314352
2000-08-17,-29.739890433375134,-6.4504957398112195,-2.310148527981188,17.191510237749352
2000-08-18,-28.093408954107794,-7.883987373755716,-1.5894355520890007,15.920751954584093
2000-08-19,-28.057132242386768,-8.573249067406538,-1.3913089327268788,14.442041465632665
2000-08-20,-28.31981553127245,-9.829660190883049,-1.969881518841236,13.333150099262358
2000-08-21,-29.011124482565393,-9.905940554965106,-1.5354167007075548,13.987420223112997
2000-08-22,-29.115079396985188,-9.418196062290939,1.1618792597017111,15.520408037252087
2000-08-23,-28.84820271396395,-9.666250989886175,1.451359764560506,15.47592528781285
2000-08-24,-28.516658713049175,-8.467174975938121,0.6781033245843785,13.33725216406641
2000-08-25,-29.55219391063146,-8.6419948355761,1.7639861591225503,11.52850439758924
2000-08-26,-30.907973011132043,-6.560699624581879,3.3616429674566692,11.486218230201818
2000-08-27,-29.03463433283276,-7.675221770806638,2.7681031135533773,11.565281175169446
2000-08-28,-29.27294683568208,-7.347212471814379,2.543626897643642,9.93842157374687
2000-08-29,-29.72106818119747,-8.31413167737141,3.5613885058835892,9.951643979271347
2000-08-30,-28.984280137711853,-7.50640728896203,3.529122728219398,12.355944953123053
2000-08-31,-28.157468779515703,-7.005776544831874,3.530567489305041,11.573185903070573
2000-09-01,-27.06441979463878,-6.429556751844065,3.4772929731957043,12.091107187276581
2000-09-02,-28.94552793519979,-6.5214220152789215,3.6776452565909965,12.078347651193834
2000-09-03,-28.457711723317736,-8.475117495724321,2.8127351316012232,12.995577879484452
2000-09-04,-27.801659705067326,-8.494422133077206,1.933629963217109,12.182136924827363
2000-09-05,-28.25693423991793,-9.076557301909782,1.1705742535788943,10.999032408161455
2000-09-06,-27.53661065074426,-9.039191683692763,2.4487855954384643,11.186039315578824
2000-09-07,-27.217877547020088,-9.562298341126242,2.6317856835802482,11.11994414473128
2000-09-08,-26.89738387018609,-9.130379251356636,2.2449488078572046,11.086195731022968
2000-09-09,-27.944152464613623,-8.461931635467574,0.41387449259949594,11.472202188430035
2000-09-10,-28.19087694641899,-8.525901641994741,-0.7021705323172642,9.987182976714696
2000-09-11,-27.95425177546091,-9.081374635930851,-0.8354270077132112,9.618541027213787
2000-09-12,-28.662202240910496,-8.21156820418975,-0.05802785957563372,9.81002762150014
2000-09-13,-27.778097430611194,-9.672017063531015,0.18200290455876453,9.926717648855762
2000-09-14,-27.582505998398734,-10.765522633990948,0.7569422001602757,9.988683992804486
2000-09-15,-28.34214993678238,-11.483282528264638,0.4674914526725972,11.052733789821648
2000-09-16,-29.731347784011223,-12.125786873360441,0.9193893171043633,11.822284685490438
2000-09-17,-31.160968730843507,-12.456186495941736,1.7661226460114388,10.758814504342327
2000-09-18,-31.889798145355144,-13.31217879949752,2.741884907276981,10.91128274902073
2000-09-19,-30.105271509396964,-11.849002775071314,1.5974260165690246,10.36036071472106
2000-09-20,-29.166844926183686,-12.766907068503171,4.006915942630252,11.148640028192226
2000-09-21,-28.993421327633502,-14.285376600537953,2.2915663850496735,11.067316048087692
2000-09-22,-30.945161430413698,-14.608497715166715,3.125546631399969,11.697929979327276
2000-09-23,-34.03983531696842,-15.826952630124245,4.271441862897273,13.117517161712705
2000-09-24,-34.873584074858705,-16.21710628393744,4.820966091514058,12.74251378898042
2000-09-25,-33.56618845944613,-16.481787297338805,5.804943734721205,11.184120630419065
2000-09-26,-32.941225138393946,-17.076247994617887,6.20513533448742,11.091049083437342
2000-09-27,-32.74217286878591,-17.388644436924903,6.948083099099315,11.633387840543365
2000-09-28,-30.782590121048994,-16.948710238910063,7.552214338752619,11.835610138781815
2000-09-29,-31.966714273240008,-16.92992181888396,10.113636964206227,12.760790514210871
2000-09-30,-31.722786001853315,-17.653673654206976,9.558890510384204,13.253166726173063
2000-10-01,-31.979392631564856,-17.30820409767632,10.028529600606102,12.03030611591532
2000-10-02,-30.769366639499637,-18.563664492713514,11.329791927161429,11.703405536297748
2000-10-03,-29.053849104056802,-19.293087728811926,10.88330199036868,11.724690826217083
2000-10-04,-29.375590979765573,-19.60767758772033,10.3287681255289,12.05720969847315
2000-10-05,-29.551317339312114,-18.61288140900138,8.86153431835946,13.600437020295427
2000-10-06,-29.2895304996507,-19.579349494952833,8.438659244108528,14.363514963551161
2000-10-07,-27.962922001865802,-19.96459827136029,7.774867596215323,14.539635660145686
2000-10-08,-28.524299781354777,-21.292923040365338,8.262606620014491,14.330184596545072
2000-10-09,-28.949668971497303,-21.093598114726852,8.103749929190215,15.646919094793832
2000-10-10,-29.804221577117683,-23.070961815919798,7.750907337697042,15.450891961108855
2000-10-11,-30.740674062153225,-24.17955962194017,8.161191510742112,16.260468976855634
2000-10-12,-28.724211919177193,-24.355481315081445,7.597428762448053,15.476708036021964
2000-10-13,-29.016738187996634,-24.53088532247109,7.118546471830788,13.520049322627516
2000-10-14,-28.838021011877192,-22.441936015315406,6.825099863161266,14.071343144354065
2000-10-15,-27.051656380728073,-22.56471386052989,6.574618922918264,14.82734445180518
2000-10-16,-24.656925268342523,-23.084054611173514,7.110673769921211,13.871996546920832
2000-10-17,-23.928338254147025,-20.973043717348318,7.1264449457342165,15.729142522077831
2000-10-18,-23.493692283255807,-22.486239158868358,6.770533072352275,15.151286296732819
2000-10-19,-23.95752978230133,-22.467197034403945,7.407079697322034,14.918528961473134
2000-10-20,-24.009798209309597,-22.764764371380885,7.3120803623239565,13.458255198777032
2000-10-21,-25.116926392655998,-23.25241650795884,8.241193540528982,13.54413802495972
2000-10-22,-24.06212598634594,-23.244009845325813,9.407223233183622,12.39874144518507
2000-10-23,-25.005628090136234,-24.75519791931126,11.212922164126123,12.21931165128013
2000-10-24,-24.19706249184867,-25.252075680143115,10.046961363939674,11.612602699781345
2000-10-25,-22.960650478709116,-26.18514639809644,9.297836123000256,10.66309693390988
2000-10-26,-24.295313197046177,-26.844319470321953,8.487757695413135,9.605506637250054
2000-10-27,-23.68657850358914,-26.334478499079566,7.46972385467547,9.619567550944627
2000-10-28,-23.595719856691883,-25.95500325613682,6.658683516012167,8.610736333877925
2000-10-29,-23.65416829992463,-27.14921164359383,7.32042943564132,8.592152470440638
2000-10-30,-23.710909514371526,-26.578147404373667,6.23988471952001,5.876423016831762
2000-10-31,-24.655856195854433,-26.095481136884974,5.946773372004878,6.340177216638702
2000-11-01,-24.56787181300508,-26.187941547346384,5.749941109209912,5.014000861210677
2000-11-02,-25.708492224689323,-26.688795312790706,2.9728135625950185,6.31078020391271
2000-11-03,-25.46201241291028,-24.80987906692986,2.3806052457661746,5.175455206114602
2000-11-04,-26.066611129743794,-25.058092020287614,2.4166260443762577,4.08006758534798
2000-11-05,-26.17531508821568,-24.246664982415474,2.399733311721839,3.9001583554539008
2000-11-06,-24.2039653498688,-24.695361590694244,1.4905130332429388,4.033890706657042
2000-11-07,-23.911175701613534,-24.961381349746844,1.882728720857508,4.361669311903622
2000-11-08,-23.145414903301717,-25.406523049058414,1.3248674778134637,3.085814090355083
2000-11-09,-22.59631594620981,-25.160439095248396,0.5308450674208913,1.736155087744494
2000-11-10,-21.291565370328406,-25.37146107677101,2.3241340910455284,-0.8535180581603901
2000-11-11,-20.258238577968008,-25.02839486009947,1.2405273069691158,-0.7877268420714076
2000-11-12,-18.613659174600162,-24.411324491245093,2.731393438552078,-0.567028550681551
2000-11-13,-18.120382292991383,-24.93049540317351,1.4527961147987576,-0.26974187378708986
2000-11-14,-16.72279967811449,-24.896157078137193,2.5815553804428917,-0.8785525141511856
2000-11-15,-17.449167004046796,-25.26971315998359,1.745354524806172,-0.9673914159078021
2000-11-16,-17.744444490110812,-24.712164816309482,1.891094905807535,-0.2704009859859746
2000-11-17,-17.93229532629799,-25.140906218428544,0.6279236457873809,-0.012624786962985246
2000-11-18,-17.164076604218174,-26.54523937018052,1.7589451151451674,0.04507328942960396
2000-11-19,-17.203083833299864,-26.647528011010287,2.520039323816675,1.522519969710868
2000-11-20,-19.325898286170172,-27.510742679306297,0.5734737046677916,2.1547145680434125
2000-11-21,-20.164692339180977,-27.105655678279273,-0.7665539234070666,2.3994995617553627
2000-11-22,-21.12864120361284,-26.947786661526337,-0.5073282493509045,1.1200719430329056
2000-11-23,-22.225458272602562,-27.0273835471171,-0.5194058279883436,-0.4103983240995195
2000-11-24,-22.71223423434624,-26.656354666928475,0.40049241477758735,-1.6469690538143993
2000-11-25,-23.32765851920594,-27.97609052630772,-0.4930891911700307,-1.8529279190553274
2000-11-26,-22.405397464905978,-27.66366849365076,1.2849744128518288,-1.8051430249533298
2000-11-27,-22.24598842811099,-27.64221566835966,1.515411298577739,-1.874625710150182
2000-11-28,-21.02557273734911,-29.550743071364145,0.8637269685086907,-0.6183339330195141
2000-11-29,-19.712501100101658,-29.344857473133594,-0.6595734908258407,1.2586788867778342
2000-11-30,-19.52411591835967,-27.812019626934106,0.06840665742189711,-0.2255289900516051
2000-12-01,-19.82359045393093,-27.954376537105553,-1.293685553420667,1.2949136436322208
2000-12-02,-20.313302137562452,-29.022678656762597,-3.899926388073876,0.6176952596759815
2000-12-03,-20.483356576126848,-29.897784395921136,-3.9040835763140977,-0.2504000652910491
2000-12-04,-20.7331879582845,-30.34468659369261,-3.202109465832141,-1.99221315975816
2000-12-05,-21.624431869260118,-32.134313953588794,-1.6558734579028886,-2.960529891651856
2000-12-06,-21.37859373805934,-33.14024288632359,-0.23014079476580607,-4.731528856852716
2000-12-07,-21.16498928670127,-33.80386375834849,-1.1825036988827962,-5.227466763037254
2000-12-08,-20.965465688176188,-35.10919764590349,-0.9052152413796742,-6.0066905702964615
2000-12-09,-21.395045598228858,-36.343872299492084,-1.0345243741748769,-5.639466741627737
2000-12-10,-22.4053069882653,-36.03968900425656,0.17600281557052977,-6.310276946418285
2000-12-11,-23.593852022879965,-36.52582809429918,-2.043100594939253,-5.296212179712288
2000-12-12,-22.73149438967159,-37.54170995592588,-2.3043811545762045,-5.720950897448196
2000-12-13,-22.078872740403128,-38.19953814554967,-0.723477872796962,-7.434688676558441
2000-12-14,-21.843354863777392,-40.27282957469165,-0.37769360996912715,-6.129129069105644
2000-12-15,-20.190174069915255,-41.40701754021502,-0.9551518794941539,-7.319029997803385
2000-12-16,-20.63593837261373,-42.46457825909134,-1.6088853707810082,-7.841572555894612
2000-12-17,-21.08616301463082,-40.93068672981725,-1.5542573919631448,-8.962947899267881
2000-12-18,-21.593498844709238,-39.554816402116536,-1.769938207849929,-8.445469495572484
2000-12-19,-20.917712309571304,-40.00600548429446,-0.18133692938876544,-8.735183684114629
2000-12-20,-20.71206461937548,-39.82228134897276,-1.210825805318288,-8.444741490710584
2000-12-21,-20.08301555852343,-41.12579194320264,-1.396681492706295,-6.440676694680027
2000-12-22,-20.919793366133963,-41.139762792239516,-0.45972170201022877,-7.135987212816422
2000-12-23,-21.3486984565261,-42.26629764164169,-1.058773179516977,-9.288460416327569
2000-12-24,-20.656483540691212,-43.06022971242925,-1.5086792956379829,-9.553830927724663
2000-12-25,-20.319594833074802,-44.16256568104388,-2.359412979643866,-10.218252475495385
2000-12-26,-19.203778128635307,-43.17713148065467,-0.2933616041588323,-10.664987118825954
2000-12-27,-19.52820482038525,-41.9103801946951,-0.9207196335780308,-10.208641304062862
2000-12-28,-20.32637642386708,-40.649147817684785,-1.5124284687307683,-9.270251837278941
2000-12-29,-19.912395374636905,-41.20899784768341,-2.494688969801208,-10.330800097392046
2000-12-30,-20.124708246671705,-41.414669766045414,-3.5317103915937436,-11.267089122507807
2000-12-31,-20.306304660888834,-42.98267156737082,-3.5602266074663476,-11.313751213502584
2001-01-01,-20.245251829420617,-42.786107043373725,-4.046386169384302,-11.566967081511295
2001-01-02,-19.261233526137175,-42.59141521427718,-4.280208518313865,-12.67696231490816
2001-01-03,-19.686443903050005,-40.503598927999654,-6.490032643995607,-12.993570301863429
2001-01-04,-19.870379921226668,-41.58330281976282,-5.796484920433809,-10.635961568347195
2001-01-05,-20.054876125866894,-41.97513939195709,-7.4048848375124745,-11.613509952429348
2001-01-06,-21.248887954295427,-43.775699845084524,-6.248312960295892,-12.071371364545676
2001-01-07,-21.831586119990604,-44.43047284870667,-5.141417801976194,-13.688068003181376
2001-01-08,-20.604878445489742,-44.07052872361918,-4.218253214618818,-12.389547071265993
2001-01-09,-20.711749607666622,-44.904627305266075,-5.201713641049838,-12.766998088008487
2001-01-10,-21.042739093456436,-44.47745583250431,-4.744287750992728,-11.629611984384796
2001-01-11,-20.9916598369493,-42.9966353056232,-3.568993687322542,-11.900020152171335
2001-01-12,-21.929301775381063,-42.14999460070857,-5.278184553571989,-11.646347766021577
2001-01-13,-21.955981521857094,-43.18018963084766,-5.0197825898727535,-10.633602792391166
2001-01-14,-21.757083830180328,-43.461143359736155,-5.181051012431764,-10.642755396347303
2001-01-15,-22.5471722090821,-44.112520569558306,-5.097406638484345,-10.405816264844574
2001-01-16,-21.88495992301137,-43.23274206293374,-6.6352359359164605,-10.855242488497604
2001-01-17,-20.38245237230127,-44.220316594241716,-7.272426998479973,-10.140387350071181
2001-01-18,-22.159598667135917,-43.78587254506838,-7.021381173801088,-8.176914517600727
2001-01-19,-21.94576237848011,-46.32958855180783,-5.618858431194434,-9.099457060916441
2001-01-20,-23.998396682386517,-44.440290987188654,-4.725766982380051,-9.60730423585817
2001-01-21,-23.10869354419662,-45.9358415543976,-3.8042545029677877,-9.606605420843946
2001-01-22,-22.179594040777356,-47.634495786824026,-3.364671661827793,-9.445308392977212
2001-01-23,-22.52670853184689,-46.836379090897225,-3.911111919300458,-9.49678577956414
2001-01-24,-22.106323924948725,-45.369576140816534,-4.548830803608014,-8.748496059125426
2001-01-25,-22.34117537377571,-45.66089903159163,-4.1538475291395365,-9.861762976391384
2001-01-26,-21.924173749477777,-46.55550566784829,-5.211945413669776,-8.292791544074323
2001-01-27,-21.93639326751961,-48.59879825857971,-5.138234382968264,-8.16006615199912
2001-01-28,-21.161518408695482,-48.17819167810657,-5.080840868982127,-7.464882707241316
2001-01-29,-22.83507425016156,-47.266949212585025,-4.013826917567085,-8.472167664642116
2001-01-30,-23.473207591773043,-47.897744289773584,-1.3942834026647888,-8.370708015046244
2001-01-31,-23.037594030420077,-47.10602246972839,-0.7997043039016148,-9.062081977556838
2001-02-01,-23.230439091979562,-47.79253281846594,-1.383080186889365,-10.99249461657188
2001-02-02,-24.262008506891547,-47.07487368402315,-1.0198228598188406,-11.676016180160284
2001-02-03,-23.825662516018532,-47.15782790927687,-2.4848669221134143,-12.266633245474688
2001-02-04,-24.220969217479457,-48.89444348772173,-3.4377676525421794,-11.301393519769043
2001-02-05,-23.411949612804897,-49.96456945127691,-4.920996567544338,-10.053142050103364
2001-02-06,-23.753817852034814,-49.366347916095904,-4.555660371853979,-8.983650908616418
2001-02-07,-24.158305431647854,-50.483606316845886,-4.382378492445642,-9.031823657438265
2001-02-08,-24.463173532334434,-51.62993291186154,-4.310064912638917,-8.29492805395413
2001-02-09,-24.435244287032695,-51.438874651582374,-4.528761119562153,-7.217549189459307
2001-02-10,-23.9339022110957,-52.9152857759332,-4.7538300218862455,-6.519547182813981
2001-02-11,-24.116993112380186,-51.747270617778426,-3.1320632826126724,-5.339264437289023
2001-02-12,-23.686654021944307,-53.15936900403302,-4.5747444926502725,-4.695053242238386
2001-02-13,-22.94632100745549,-53.84197932719612,-3.275096541494242,-4.564890456221408
2001-02-14,-22.663491317140654,-54.50931865645399,-3.207897591192457,-4.653268966201531
2001-02-15,-24.332393886463397,-55.988689256628554,-0.4181742006699585,-2.4284867004834743
2001-02-16,-23.95941859178412,-55.81344288369352,-0.43392293129193554,-3.826956432104513
2001-02-17,-24.241884586161063,-55.452837154384284,-2.4766571967913156,-4.914688983232651
2001-02-18,-23.707957825473905,-53.760111029575526,-2.1027225065319453,-6.198576314517332
2001-02-19,-23.726793952709333,-53.57082565541452,-2.9024980439881998,-6.850164692223076
2001-02-20,-23.20908963085809,-52.21408612012662,-3.1432934196969824,-6.892809360045652
2001-02-21,-23.4899104511841,-50.96716917487558,-2.706466859080363,-6.789177826732327
2001-02-22,-23.484820930192218,-50.444129614782305,-3.156065468987824,-9.663981457762565
2001-02-23,-24.990425700757328,-50.13288730722319,-2.7130157323586777,-10.4684911941938
2001-02-24,-24.277306719043853,-50.10910552494617,-3.7490093578528287,-9.890414901057937
2001-02-25,-23.029738704317655,-51.173152168856696,-3.199717215213392,-8.787821489248858
2001-02-26,-21.591085906945224,-51.276622362885306,-2.1443669411083777,-9.620263634432089
2001-02-27,-21.114190080418282,-50.38790197863017,-2.7165655455487885,-10.356950021100992
2001-02-28,-22.355003068962894,-49.86415055707378,-2.0200601524925643,-10.218110256985462
2001-03-01,-23.853371321296564,-50.030931055137806,-1.801329294374013,-11.288819911979758
2001-03-02,-23.38195630152659,-48.85628765274808,-1.0394448291224248,-13.86149633725292
2001-03-03,-25.02473631874739,-49.70501985899168,0.9336397866889938,-12.831273498211026
2001-03-04,-25.121507907253594,-49.320861156744776,2.2696441085863084,-11.62060124679181
2001-03-05,-26.2186734245403,-51.68161101367649,2.898361174612679,-11.707528435572614
2001-03-06,-26.065219414520012,-51.92516910023833,1.6816081113253802,-12.971419894256949
2001-03-07,-26.808420423329007,-53.322025270591645,2.288813920837291,-13.863346338765245
2001-03-08,-28.251518807522498,-55.70150582040248,3.180610394326694,-14.893327572683846
2001-03-09,-28.43620359755539,-55.39793272123369,3.551534394357063,-14.992578841911925
2001-03-10,-28.64890998133147,-57.61316353241741,3.8553988481792247,-15.26311594010197
2001-03-11,-28.714112731250864,-55.64176427072373,3.5336619467236847,-15.719922080823261
2001-03-12,-28.51523794908922,-54.63708224815649,2.205092713637894,-16.59737971935426
2001-03-13,-27.882743347503634,-55.15591003245206,2.6419090129642884,-17.237585652389715
2001-03-14,-29.28168515446514,-55.456132411631465,4.110608688003722,-18.938379210797823
2001-03-15,-29.08292924502904,-54.76914708497355,2.281946148983597,-18.968109172663272
2001-03-16,-28.52280667168634,-55.31496587953895,3.9173132955249264,-20.27359188685773
2001-03-17,-29.78741649941779,-55.40686433569283,4.188700883203399,-19.603205648323627
2001-03-18,-30.951534289731228,-55.1775546469187,3.227268292865228,-19.62669434009979
2001-03-19,-32.47816593283534,-55.80448670719706,3.2288195958866153,-18.637506299252763
2001-03-20,-33.13187461058813,-55.37469119197616,3.8536695409429997,-17.654953252259464
2001-03-21,-32.30194746789668,-54.54042013500655,6.386057672130319,-18.849473440693963
2001-03-22,-30.50742334596612,-55.18431698757349,5.1993783784286265,-18.20920037073453
2001-03-23,-30.0301559514636,-56.10181795452449,6.52127012634339,-18.552678422411688
2001-03-24,-31.98200922811414,-55.72819471694148,9.114999116872859,-17.216901434060418
2001-03-25,-33.29591438805605,-55.86415890025675,7.893343637096695,-18.38322327349695
2001-03-26,-33.98485586719073,-56.15093056957899,9.422386943602225,-17.566643308323272
2001-03-27,-33.29096117551769,-55.40072726658367,8.860220984289407,-17.932423495518773
2001-03-28,-31.916940695495505,-55.823042324178026,7.666491804397382,-17.692032254964204
2001-03-29,-31.47023315753851,-56.219249975519226,7.624948430963024,-17.49950345808699
2001-03-30,-31.79416365394108,-57.92160842266694,7.916645497002675,-17.90093677459742
2001-03-31,-31.44973826992852,-58.683148082464605,7.727216801528794,-17.52350719034501
2001-04-01,-31.115762718958052,-58.680703845536506,9.232435700613191,-16.02106370337591
2001-04-02,-32.573750971359736,-57.8704692816768,8.836946712357598,-14.881491206971042
2001-04-03,-30.761347645930446,-57.588704775632415,7.543480648648807,-15.533053645929776
2001-04-04,-31.93720946606812,-58.65642101312378,5.143672946818331,-16.12283096670638
2001-04-05,-31.54029697411343,-59.159053099249654,4.169933430496899,-16.65495308551614
2001-04-06,-31.067808341834343,-59.70008702019954,5.466070875944206,-14.962361143605113
2001-04-07,-31.542756187920222,-59.70997622717832,5.577726963048457,-14.655398527870451
2001-04-08,-30.625510435983355,-59.56964967688067,5.307344640535567,-13.852717510035518
2001-04-09,-29.10276903848929,-58.65804010170911,5.181200893930818,-15.918071457538586
2001-04-10,-29.653447412778235,-59.321943511562395,4.814110064292182,-17.060973102967505
2001-04-11,-28.59879782313779,-60.59942527772201,5.297605513266142,-18.44727715756939
2001-04-12,-29.624927026022803,-63.03173021864449,5.188109571528794,-17.90654743926285
2001-04-13,-30.564581252695728,-62.02675887648559,6.291696806623548,-17.189376266232482
2001-04-14,-31.176520087170463,-61.90033233393384,6.569749078107586,-18.45070094109308
2001-04-15,-30.207428708919238,-64.65382656140528,7.139658598359724,-18.508309576117615
2001-04-16,-31.074375964142895,-65.35064007608791,5.759211183439135,-19.03448323309448
2001-04-17,-30.799542775923122,-65.29378195699896,7.604158357412494,-19.013120839608725
2001-04-18,-30.8043656760636,-63.2535699180317,6.978070088287561,-18.992796881249458
2001-04-19,-30.20101605387675,-61.860934194789536,6.115688959223356,-19.72010649564834
2001-04-20,-28.171862758717428,-61.76640731301028,6.658223159273292,-19.457178752288556
2001-04-21,-28.760414659233756,-61.752774807434896,7.7360723127468916,-19.73186237309973
2001-04-22,-27.981858299254668,-61.31394569567019,8.152318267467841,-18.80824993612623
2001-04-23,-28.883060706597128,-58.49461856372121,9.796478332097136,-18.65960783711267
2001-04-24,-27.56179589806678,-56.53159114247901,9.172591026679628,-18.80813748754505
2001-04-25,-27.19679967386261,-56.606867993306615,8.655893043142406,-18.101234958985557
2001-04-26,-27.149220272150856,-56.464391700301704,9.746730751484053,-20.715753159064793
2001-04-27,-25.745834663535504,-55.830280562420164,9.496101695009207,-20.382475303509075
2001-04-28,-24.53612742166809,-55.12696567857325,11.760706062886925,-18.82307024873864
2001-04-29,-23.859728805741852,-55.36679555271823,11.887286310649028,-17.600976146268266
2001-04-30,-23.595547822881816,-54.500879483901976,11.019743824802505,-19.36197055624336
2001-05-01,-24.01041519660519,-53.89316516124175,11.43454636826307,-18.73274122350486
2001-05-02,-24.638903171855034,-53.56316477323361,10.938092065824497,-19.254775563439352
2001-05-03,-23.593144684470378,-53.15113318869223,11.975462829931157,-19.93449130840466
2001-05-04,-22.177735654742055,-53.709380357889756,11.361745783203554,-18.84482853737104
2001-05-05,-22.26434012847326,-52.12555471702718,12.412077824545038,-17.798802570594283
2001-05-06,-23.00693740815654,-49.94761044612949,10.402352423616604,-17.686761608703044
2001-05-07,-23.379979804094656,-48.54254551438518,9.83569868466725,-17.238146916708285
2001-05-08,-23.66643581242574,-47.71687024858777,9.381904408098306,-17.167517717817045
2001-05-09,-25.089243509299173,-46.73856001744903,7.159798128277226,-15.30099202519823
2001-05-10,-25.516788852983517,-46.77610689301539,7.496610544359462,-15.6748912111158
2001-05-11,-27.283016802122003,-46.39184170168694,7.554634616749352,-17.842771304417656
2001-05-12,-26.35553147302565,-45.87046505295885,7.47565665469164,-18.15779711338283
2001-05-13,-24.253770052012612,-45.30723182041453,6.845272816391286,-19.270838805979995
2001-05-14,-25.620571680626078,-47.182992459270345,7.74197378663582,-18.14723156304633
2001-05-15,-26.49745199042444,-46.61764705204702,7.147682785706695,-18.405136803698678
2001-05-16,-25.554497486593068,-48.1107119928801,8.414298870593225,-19.09408020605758
2001-05-17,-24.88444760220862,-47.30479018559596,10.201962543161732,-18.830673752989455
2001-05-18,-24.771811350212847,-46.551285788808954,11.332205789926752,-17.934609884413252
2001-05-19,-26.7785299945027,-45.58749685996218,10.44077713224676,-18.335563525086492
2001-05-20,-27.256984471742395,-45.3145911530501,11.634270066837875,-16.87744416065147
2001-05-21,-29.035092701708784,-45.79107493059528,13.331746218773526,-16.89734309353779
2001-05-22,-30.08625167652894,-46.70987291234619,13.569738193411284,-16.640427279431716
2001-05-23,-30.444059785848367,-46.534415751068195,13.230392169952747,-15.782897969100643
2001-05-24,-31.360507780330074,-45.53352843568407,13.198288152804245,-17.406702250621134
2001-05-25,-31.751666387376858,-45.83203406704028,12.66627980374833,-17.647599031352424
2001-05-26,-31.15236354608501,-44.958231733850084,14.152246290672727,-17.126404831305457
2001-05-27,-30.839390395812025,-44.70525150677421,14.44363411898774,-18.541277122231822
2001-05-28,-31.195432043134144,-43.529045436697764,12.851506722334857,-19.188582048649447
2001-05-29,-31.657751034364534,-44.34425310269411,11.90660587737339,-18.333673533516237
2001-05-30,-30.868161894243297,-45.6359370156306,12.859840213420613,-18.473287537052535
2001-05-31,-30.855844469789833,-45.79319493431227,12.310598681282803,-19.767110423413463
2001-06-01,-31.507706469626292,-44.3582070759631,11.978720622122609,-20.161837411943633
2001-06-02,-31.24879241961351,-45.483910411775284,10.736749001949235,-20.992209226852914
2001-06-03,-32.32144192249433,-46.82774359195686,11.88862778905138,-20.202069164745588
2001-06-04,-32.244909558759396,-47.851779451343766,12.985238307601382,-20.03042165800888
2001-06-05,-31.794778812514814,-46.87376214790093,13.119817066896886,-19.47757246447591
2001-06-06,-33.820532394154895,-48.104620363593455,13.85203099247837,-17.5336871160962
2001-06-07,-32.783773917340596,-47.084808793302074,13.174348956677736,-17.717103772922275
2001-06-08,-32.42942101509279,-44.91743286965636,12.810338191075324,-16.71432334631503
2001-06-09,-32.37660474284019,-42.85680187834595,12.828879170909289,-17.61204236496173
2001-06-10,-32.35446753834231,-42.946104849425026,12.993924173386691,-18.150316272669304
2001-06-11,-32.248322781558414,-44.557606650921606,12.96416676082007,-17.818526213779727
2001-06-12,-32.05360426774065,-43.8917224810651,13.315020228942785,-18.544454723765156
2001-06-13,-34.702780147994574,-42.60901487434071,12.485570780983032,-19.82103136266182
2001-06-14,-35.072578711750786,-42.832583828021995,12.55664564121379,-20.353330496201057
2001-06-15,-35.14393914967927,-41.614263926953484,12.953047334663967,-21.120537322820557
2001-06-16,-36.006721252282986,-40.13011064274697,13.653508970754304,-21.530656705637284
2001-06-17,-37.06283841261409,-39.21280516863778,12.1025129335061,-22.64763473607893
2001-06-18,-36.13349350803584,-39.99412809236543,10.537231801171307,-24.865694668244142
2001-06-19,-36.73750507752084,-39.82963962992422,11.048836052518489,-23.683593892424256
2001-06-20,-36.73644518754443,-39.018785827137364,11.228167799323092,-23.40175606427169
2001-06-21,-37.14937224285783,-38.85103865757074,10.604573609432336,-22.36718263957163
2001-06-22,-35.34221407610467,-37.57275999726371,10.922923204321355,-21.579368489492232
2001-06-23,-33.41760043976164,-36.77190580468574,10.471445925527378,-22.22185193288688
2001-06-24,-34.811184667315956,-34.9068528500118,12.118495103429986,-22.989212753172236
2001-06-25,-35.491446403274765,-34.834000402542195,11.972716841671774,-22.85607912805771
2001-06-26,-35.25526020178137,-34.014816162972075,11.15614659488665,-23.0991069748442
2001-06-27,-35.82767847350359,-33.29370755541313,10.71169825592299,-21.868679928712503
2001-06-28,-34.89899840843129,-34.07771439297638,11.426744561760888,-21.52687763271947
2001-06-29,-35.44017374361314,-34.51969995935882,10.96953833231694,-24.026040411804097
2001-06-30,-36.43460775469164,-34.95184450106534,10.36057524797693,-23.93185683640286
2001-07-01,-36.07669996771569,-34.67470628093827,12.488719954159368,-24.014396576439413
2001-07-02,-36.73882364459431,-34.798913069663996,12.400942355158175,-25.302509475491593
2001-07-03,-36.7036924494588,-35.936462133729144,11.537557278750015,-24.142546258920156
2001-07-04,-36.31681825812243,-35.73458854797603,11.253901494279539,-23.198589842242676
2001-07-05,-36.798691502552785,-35.625324488457885,13.020420274277477,-25.58788514523972
2001-07-06,-39.69410968242164,-34.9522466769495,13.744125954124048,-25.000112562272346
2001-07-07,-39.2210724984508,-35.417566664417684,14.109442578204362,-24.640031722667647
2001-07-08,-39.137283284093435,-35.246903285611914,14.319618358473447,-25.79867576807107
2001-07-09,-37.28669715509723,-35.58867499746499,14.594588344724011,-24.55288542174042
2001-07-10,-35.90650935713588,-35.2331474983769,15.080167064388771,-23.458790040457007
2001-07-11,-35.40353108607339,-34.866463553575606,14.344479236208011,-22.74268599025097
2001-07-12,-35.31554168265741,-32.93245202131373,15.205559703199912,-22.77746370631228
2001-07-13,-33.66215440658944,-33.320800403385384,15.342051323998396,-23.119680847656163
2001-07-14,-32.88524686611427,-33.01309300604816,16.012511927177464,-22.37018150963854
2001-07-15,-32.773420884798135,-32.14014679010359,14.649230697603512,-20.89482915860715
2001-07-16,-34.246641961321956,-34.235539333826516,14.10066032960773,-20.900080088912237
2001-07-17,-35.63396614627449,-33.878524404170676,13.268914361970515,-18.52203837943936
2001-07-18,-34.62513009104237,-33.63714734926357,15.12462732400353,-17.91835636337412
2001-07-19,-34.31719913590816,-33.58834642485427,15.521629988098361,-17.816551024279054
2001-07-20,-34.57303426498738,-35.70626097912509,16.274509791705537,-16.118928277784203
2001-07-21,-34.62531354735077,-36.3886323129445,16.516749729497327,-17.310851094551303
2001-07-22,-36.20927637591192,-35.88300135659048,17.520975484078416,-16.00478366632906
2001-07-23,-36.67646718190686,-35.10592097592419,17.95689207104504,-15.226184884898895
2001-07-24,-34.892200341534604,-37.33950273784522,18.32625417078034,-14.325605166192831
2001-07-25,-35.69007938664545,-37.41488578251236,17.630700017439054,-14.116254154086327
2001-07-26,-33.6321805307783,-38.272293914452774,16.411431136853814,-13.00623197653455
2001-07-27,-35.885312001411194,-37.74398579541658,18.717208245645452,-12.617041149443244
2001-07-28,-35.55835114247995,-38.51619206250023,19.711816375841973,-12.05875178769725
2001-07-29,-34.382469682653735,-38.682395074599256,19.509341889472662,-11.23937276166052
2001-07-30,-33.68617315579525,-38.434831627674576,21.24185755472372,-10.569330838232117
2001-07-31,-33.561092200452855,-39.43172551074072,20.7872308017001,-11.999843778264834
2001-08-01,-33.90987802682503,-38.10619429755488,22.26511982806052,-12.723682251976943
2001-08-02,-32.40688102774312,-38.682151946558555,21.422455836755162,-13.139038943766364
2001-08-03,-33.002300211729555,-38.5735580809359,21.321318523006116,-12.19768113003022
2001-08-04,-32.87703661748196,-38.60774611374901,20.30485430192158,-12.650142791998288
2001-08-05,-33.53785381139616,-39.6648939842621,19.693429817819766,-11.826552106810146
2001-08-06,-34.242900429797345,-39.07154092246862,17.82321314186766,-13.473519790569199
2001-08-07,-33.93789685526679,-38.1443104075449,18.844340717588146,-13.539684451503636
2001-08-08,-33.480807468391596,-40.28378255234799,17.601936754357634,-14.036433269160133
2001-08-09,-33.59270192944078,-39.96971502488373,18.7982115797211,-15.133903826371279
2001-08-10,-35.49957265714451,-40.21857420296097,19.494770110611995,-15.616899520570906
2001-08-11,-36.18336918374103,-41.2739744373973,20.49345863544985,-14.888811147469434
2001-08-12,-36.58444996323554,-40.80282296560193,21.56898634904591,-12.99986094651203
2001-08-13,-36.25307524811626,-38.4457751132275,21.243340010120406,-12.268861951196207
2001-08-14,-36.204855671126666,-39.058194163286714,21.031338421792686,-14.611112794154561
2001-08-15,-37.76372410581182,-37.73105282545879,19.30596690743152,-13.59053539763061
2001-08-16,-38.545969583919366,-37.46858806989653,19.657762157036707,-13.20024634795631
2001-08-17,-38.34338678281147,-36.39681399632127,19.704466989081837,-13.506397537783801
2001-08-18,-38.83282132951808,-36.43245598969512,20.288705878295406,-13.025475941435186
2001-08-19,-39.15370743917844,-36.746476466050545,21.534229317941378,-12.256093188215615
2001-08-20,-39.74069662587414,-35.779365004485655,22.13719859375152,-11.137306177268009
2001-08-21,-39.6718454478429,-36.036874195505234,21.546369122277184,-10.914948795240837
2001-08-22,-38.86181388463477,-36.61051576364595,20.482977029753744,-11.218110908805349
2001-08-23,-39.3014819125562,-36.87547184259185,20.186439416282134,-10.919575835470965
2001-08-24,-40.62340338961954,-38.109552650426195,21.100658020041298,-8.452482304998421
2001-08-25,-40.24289701574368,-37.08934586852761,19.631181870475785,-7.6574663007974095
2001-08-26,-39.48779473649456,-38.09361426118988,19.676356897307514,-8.027716189181952
2001-08-27,-40.844153476756496,-38.8128706938453,18.948796039338767,-7.682267299013848
2001-08-28,-41.0815044729943,-37.58319396817514,18.578248036907038,-6.000652918062752
2001-08-29,-40.785637519347226,-37.58939181556309,19.727657134356168,-6.421875258354336
2001-08-30,-40.29047721188166,-38.77030513548172,19.227045761701145,-5.750882847152124
2001-08-31,-40.26945247890241,-37.72260182884844,19.22928417072878,-7.00009441474756
2001-09-01,-39.80663581019483,-37.252794636370226,19.090822554172757,-8.701037373027965
2001-09-02,-40.26806438739954,-37.09174133538323,18.75203763875397,-9.471181721500097
2001-09-03,-41.84066225944413,-36.82276008834357,18.55411275074635,-9.594065536878833
2001-09-04,-42.085221204210825,-36.222140257724135,17.901545116648098,-9.6994335516853
2001-09-05,-42.76902994838637,-35.38263174227883,18.077911304046843,-9.097688122729235
2001-09-06,-42.67306896060366,-35.726846107985665,18.5328830923263,-9.178059738529878
2001-09-07,-42.57612927641748,-37.20931316731113,17.300111846558647,-10.048115225104308
2001-09-08,-43.63647258932444,-38.36066932239793,15.272274478597282,-9.799943210468902
2001-09-09,-43.49812160034171,-37.52891789766452,15.63101700990042,-10.341966363718281
2001-09-10,-42.947860956868396,-37.97564643217607,15.815487270495117,-9.56418911188986
2001-09-11,-43.73605353065211,-38.51360493942608,14.565214686591156,-10.588731779568656
2001-09-12,-42.65498833490901,-39.24271154791375,15.019997382708846,-8.6207381375717
2001-09-13,-43.47284427345714,-38.7027500836798,13.569233574625226,-8.25895076249553
2001-09-14,-42.69229611100614,-40.34411260401215,12.063571114025999,-8.882281506907889
2001-09-15,-43.42677913505487,-40.625722906587164,11.150686174984331,-10.2039743110247
2001-09-16,-43.532202672295355,-40.82310233508912,12.10475595612407,-11.180243544375921
2001-09-17,-42.73991606754321,-41.694718306401064,10.101610658666639,-10.446977755947394
2001-09-18,-41.78821946398307,-41.03353945884831,10.553911460856183,-10.993746240161734
2001-09-19,-41.917937876483535,-42.24757167647312,10.083769544081479,-11.666884527378691
2001-09-20,-43.3488135619909,-41.26817278537569,10.225190065177323,-12.906517447985184
2001-09-21,-44.59769924139792,-39.76390255010616,9.458750265024621,-14.146534644105616
2001-09-22,-44.90341409992597,-40.78921793328396,9.19616484300068,-13.787608164256046
2001-09-23,-43.65766585450583,-41.55001501059079,9.426140576774308,-14.278195093098393
2001-09-24,-44.75257632729236,-42.24041995993159,9.68567598677591,-14.95342907190289
2001-09-25,-44.321397042190235,-42.12944047512908,9.13791957305391,-13.604156578918357
2001-09-26,-43.38655452918862,-42.046245540819875,9.459209158685974,-14.546326037404675
2001-09-27,-43.71948270513296,-40.87000344922722,9.38892494600953,-16.25372681834199
2001-09-28,-44.12614044089747,-40.69242709315082,9.1956183598037,-14.938659644633123
2001-09-29,-44.59541945040522,-39.40998949023481,7.410575803726115,-14.911472795131534
2001-09-30,-45.01121883420035,-38.058758173172954,6.024987781245332,-15.369493966923152
2001-10-01,-45.06223645641125,-38.49248731914537,7.6326228519041575,-16.427402410321275
2001-10-02,-44.37472354624128,-38.71725421293527,9.223053699873033,-14.85420627243322
2001-10-03,-44.68334367869141,-37.880629823674525,9.631701659494052,-14.630109749124491
2001-10-04,-46.41440854078061,-38.69618121113002,9.016261878768615,-14.368862405379303
2001-10-05,-46.88913462258873,-39.694267789236385,8.909394469556938,-14.55720012633905
2001-10-06,-47.658635626878166,-38.80717272024262,8.218733915069166,-14.796675934997143
2001-10-07,-47.60195953870391,-40.35492519756475,8.144142753589943,-13.482070895462938
2001-10-08,-47.13288296922395,-41.511322527720765,7.629080814781427,-13.730723493765561
2001-10-09,-47.169583884588896,-42.89491168844088,8.82760898164876,-13.27229835986732
2001-10-10,-47.2359843717011,-43.221576920548344,11.810874016792322,-12.924334044310093
2001-10-11,-46.43297742847572,-41.73063314134041,13.301762022447189,-13.48550453645748
2001-10-12,-46.32145585896989,-40.70354906302978,12.221612092932107,-14.15288393930512
2001-10-13,-46.83581653859619,-41.44587307560301,11.493058015483577,-12.532447558726698
2001-10-14,-46.883337161142485,-42.45456781071787,11.120302846149615,-10.809172494277444
2001-10-15,-46.82816549024072,-44.238523585616655,10.358712112951874,-11.789167271709854
2001-10-16,-45.93220019748816,-44.24435099040024,9.431053360554763,-11.138971567949067
2001-10-17,-46.82826529289533,-43.25260772542828,8.275204268802044,-11.286985052126028
2001-10-18,-46.8686878969962,-44.720046525359145,7.706252768430826,-11.238773832282932
2001-10-19,-47.24141328760854,-45.539826734380036,8.302962345852112,-10.190162121516277
2001-10-20,-46.92612939647822,-45.731498236514355,9.30297196883904,-11.230263635176218
2001-10-21,-45.89392541986859,-45.057372348570986,10.554149426170026,-12.056552256032234
2001-10-22,-46.49728768986009,-46.5969508563531,10.219124155373308,-12.297895442546498
2001-10-23,-46.20707069611901,-46.991061462750174,10.514501932783956,-11.833481696079673
2001-10-24,-48.680779135815094,-47.00637777449039,10.576288209305213,-10.881285807188487
2001-10-25,-50.399273474960424,-45.61097020191466,10.948379184149218,-9.333117503826617
2001-10-26,-48.52576842323311,-45.35167343214599,12.145272541535656,-8.343352364259001
2001-10-27,-48.510012060426,-46.33699332960598,11.961338372688903,-7.364819227683651
2001-10-28,-45.9602455699495,-45.72979408942841,12.905111078708378,-8.347530685805168
2001-10-29,-46.755685821844324,-44.457667336115534,13.441245000881143,-8.301005798002972
2001-10-30,-48.57957782725348,-44.26427348886502,13.546336734423168,-8.321393116858955
2001-10-31,-49.34412266395338,-43.52338772281153,13.607075854114365,-8.687469557703228
2001-11-01,-51.283178157879476,-43.069041308490526,13.594027120888422,-9.329494578983274
2001-11-02,-49.859469437239134,-41.70263164505417,14.527511627729051,-8.626284415445813
2001-11-03,-50.32387789464626,-42.01872978372258,16.199817221864787,-9.875336739756577
2001-11-04,-50.12819619789417,-42.54131513895594,16.361454395144836,-9.612341463300924
2001-11-05,-48.70711654121662,-41.35329344745424,15.031124555327056,-8.914998886208101
2001-11-06,-48.583283599116285,-43.04151145536538,15.29205547309987,-9.78913302518215
2001-11-07,-47.319307708370864,-42.460439409393345,15.232480524997078,-8.118681838732767
2001-11-08,-47.95307654709896,-42.017327776970475,16.91265881748625,-8.449529339691352
2001-11-09,-47.583168563765355,-41.50983711175814,16.963057038574807,-7.795156842784339
2001-11-10,-46.821643810656134,-41.03437182691676,16.806472090280742,-7.990984552583934
2001-11-11,-46.366562928056894,-42.04330114933499,17.11217802742138,-8.14721575527579
2001-11-12,-44.04798064419517,-41.276128504446696,16.344120838612092,-8.317219138111378
2001-11-13,-43.25010513903839,-43.15540027233327,16.77024821483462,-7.776849488631687
2001-11-14,-42.45141386800587,-43.82035306381982,17.486190412011908,-5.990641776368611
2001-11-15,-43.01593889157986,-45.106717336948336,15.893562159235202,-6.724749924528358
2001-11-16,-42.98791070801521,-44.48128056373385,14.206834210654801,-9.317796029286917
2001-11-17,-42.89789428410762,-44.10544856479663,12.8885194424041,-8.3208915728429
2001-11-18,-43.60127137918483,-44.883323874447385,13.323687832559687,-9.972524064513768
2001-11-19,-43.09520635157447,-44.62114892468464,14.13210932226479,-10.496321729317604
2001-11-20,-43.07024183330221,-43.83028552528079,14.830513477365749,-10.389034761833969
2001-11-21,-42.53277572907632,-43.22961784144862,15.012821087842783,-11.827890896601081
2001-11-22,-45.39589690143548,-43.68732584175336,16.611662360333167,-12.232929875460627
2001-11-23,-45.532526069430695,-44.2027030525189,15.623346875132949,-14.038372519880202
2001-11-24,-44.299894862862594,-44.48457625961821,15.511037234886114,-15.07862097225638
2001-11-25,-44.78955364972966,-44.93565701812705,16.386227327110703,-15.695918727106747
2001-11-26,-44.905122565961605,-46.13605216291431,17.094710913858524,-16.431533468275916
2001-11-27,-47.107975907257725,-46.87589062896508,16.669391828075575,-15.228529470670237
2001-11-28,-46.176460516532664,-47.909579067604476,16.607105255433815,-14.408863313154605
2001-11-29,-45.47334445159818,-48.48653715603977,15.820824825841601,-12.923852025555071
2001-11-30,-44.98001246677016,-47.31506824189224,17.647441748690017,-14.261184380706178
2001-12-01,-45.58829348592063,-49.64217867415188,16.236182929889715,-15.221705509430011
2001-12-02,-46.08455603051611,-48.6316103085057,17.60543912334096,-16.425458039279945
2001-12-03,-46.15842805477872,-49.876800726706264,18.040387623833386,-16.680846372207164
2001-12-04,-45.48159410445859,-49.72079636675834,18.278580961977852,-16.877479414072653
2001-12-05,-46.170690296993584,-49.56974867864167,20.434289949957794,-18.18838465931924
2001-12-06,-45.538343007405,-49.073793867447215,21.90275219715677,-20.4708671001971
2001-12-07,-43.41673112617631,-49.31117979249237,21.09023849136744,-19.121843772972284
2001-12-08,-43.87316494428356,-50.09669359535101,21.760390599915794,-17.764657142446946
2001-12-09,-43.32516171406452,-50.611987105937,23.13550833004852,-18.694295508324075
2001-12-10,-44.12835305145727,-49.306751292057214,22.149445815037115,-17.0797864328978
2001-12-11,-43.76061660243384,-47.70294073649077,20.71192859208286,-16.95016870432557
2001-12-12,-43.977861814566836,-48.18673198011333,21.629634402339644,-17.304037590679698
2001-12-13,-43.55082061321519,-48.95727137036575,22.1694867758587,-16.743698715529135
2001-12-14,-45.02501606436172,-47.70268677972222,21.642957216774054,-17.1404236658158
2001-12-15,-43.19068369726355,-46.51460983808823,23.05052123936234,-15.032376982320438
2001-12-16,-42.28543941065115,-44.48621490178147,22.669277933169223,-14.54456033710047
2001-12-17,-41.97212871624107,-42.7797544698487,23.85049808654499,-15.00660645379695
2001-12-18,-42.40723364066619,-42.9765656865768,24.130948671416526,-15.269207458427703
2001-12-19,-43.30508665244247,-43.18216731879559,23.379170820485033,-13.355152306536096
2001-12-20,-43.58988061534877,-41.01714178057013,24.540867305223706,-12.292826889607635
2001-12-21,-41.50731352535338,-41.00006906007616,24.646944108665497,-12.096371348172195
2001-12-22,-41.868370141376296,-38.5358085642486,25.376667743871113,-10.493345638249423
2001-12-23,-41.59004671089394,-38.647875109885845,23.6776441191092,-11.410461251179948
2001-12-24,-41.686157828559715,-41.53844859832391,23.180705026387596,-10.94089400153469
2001-12-25,-40.81594537058861,-43.91651874347224,21.563979050616258,-9.756960887112323
2001-12-26,-42.53477557238402,-43.183079322591745,22.440614785862625,-8.635703749366009
2001-12-27,-41.83059177004482,-41.962835473993245,23.514171344196164,-9.064822838572313
2001-12-28,-41.69663537344908,-42.501234810116856,23.424348848704984,-8.858048199518661
2001-12-29,-42.693572547713956,-40.880373122238176,23.57058078280891,-8.73945793946044
2001-12-30,-42.817307987110695,-42.102508464101774,22.650340031607545,-8.36616275443002
2001-12-31,-43.90763533522678,-41.826113071197575,22.212086187899196,-7.954402095011708
2002-01-01,-43.30271299825079,-42.36309526236364,22.012440619670087,-8.425840022274093
2002-01-02,-41.80315923079732,-43.922428320859865,22.099337330083568,-8.540493308252692
2002-01-03,-41.56826583904131,-43.22548977969905,21.21287040243096,-8.092272088049734
2002-01-04,-41.1781797171942,-42.5330746335081,20.536300988317848,-8.76934337809908
2002-01-05,-38.74004818987521,-42.49493029960051,22.87210358865985,-8.119524411387317
2002-01-06,-39.75808704455454,-43.99050646577801,21.756676547670818,-9.646894594418933
2002-01-07,-41.059229079731374,-43.12774874253054,20.84823592542474,-9.39762458695175
2002-01-08,-41.16851804312897,-43.33494454861704,20.84198511184614,-9.091876654516184
2002-01-09,-40.740018280732805,-41.50396651306361,20.91419049090667,-10.488120237986214
2002-01-10,-40.31241478376791,-41.901293420972685,21.806411837370838,-11.768590931216963
2002-01-11,-40.247672281586716,-42.70108712485591,23.150122487589236,-12.183245261670875
2002-01-12,-39.6947344578169,-42.19703521193712,22.72861163264405,-10.770074830911826
2002-01-13,-40.56086327319542,-41.47206606187678,23.92967908910702,-12.22094242270794
2002-01-14,-42.28817264383196,-41.317968931443666,24.57643546956016,-13.185161047221545
2002-01-15,-42.862352798491656,-41.14580967821801,24.319518011556294,-15.72332309387561
2002-01-16,-44.723379937960054,-40.12731133979318,24.356229809664452,-13.269671181146133
2002-01-17,-44.97452540351088,-40.213408697191966,26.48761312845004,-13.228746475014939
2002-01-18,-45.07758219905495,-40.89271351997028,28.438603563714437,-12.709725356295884
2002-01-19,-43.99889572625198,-41.173400734218774,29.255426686249336,-11.517344033418759
2002-01-20,-44.070618625644315,-42.80064587041083,29.887387762634656,-12.401984158381824
2002-01-21,-44.2860938948349,-43.27636242446044,30.17188747639818,-11.641313761961804
2002-01-22,-45.06681924573763,-45.5068072244386,30.046418568726192,-11.8361536321758
2002-01-23,-44.70131892396926,-46.58467039487732,28.361349778315926,-13.363903826916957
2002-01-24,-43.34738621086049,-45.81909707639553,29.23481993887802,-15.251509416573967
2002-01-25,-42.3892939722438,-45.359630542835355,31.663400078994055,-16.012153472371587
2002-01-26,-43.14943487403489,-45.23120851285299,32.055988063034775,-14.879003881206545
2002-01-27,-42.7507758303365,-43.58839541658575,30.949295785122715,-11.71695310868374
2002-01-28,-43.93194659231124,-43.209384537045835,29.262612469567436,-11.640591763271289
2002-01-29,-43.451623266729094,-43.559652939654214,28.521628969872545,-11.412284000612926
2002-01-30,-43.81517344236135,-44.651140167058976,28.465098065885634,-12.077335767625257
2002-01-31,-42.72156415294827,-45.4445851168979,29.55160171703251,-12.40438539159974
2002-02-01,-41.704863552387096,-45.170930113466696,30.6973031546661,-11.45001356096336
2002-02-02,-41.810913533651046,-45.08282418893496,31.846919480375693,-10.644635171549135
2002-02-03,-43.455314699487595,-46.12907420489367,31.929659442425155,-9.48114042917811
2002-02-04,-43.56172911411828,-46.2365826744808,31.127764974859943,-9.099175042592812
2002-02-05,-44.24531051954555,-46.94669316413081,31.45194879288993,-10.294016455490024
2002-02-06,-42.85964728935262,-45.63534134834631,31.473792288255883,-10.715479651149202
2002-02-07,-43.80519789712056,-45.17298849890579,32.03631200706962,-11.896808553330615
2002-02-08,-43.762387770526026,-46.10017903051788,31.214324565378632,-12.7935520764245
2002-02-09,-44.118378340746915,-47.3695878666965,32.79900616719231,-12.595454644462844
2002-02-10,-43.910921616876095,-47.48259506189621,32.18849877848822,-12.129469656825378
2002-02-11,-44.06326017276255,-48.61496382024118,31.40049377806328,-13.207070987606242
2002-02-12,-42.75960982612824,-48.63225320716311,32.52468780745587,-12.406152748229562
2002-02-13,-42.622964646308915,-50.69003342865905,32.132440674852305,-10.829652120066887
2002-02-14,-42.285303447768506,-51.928861796052466,32.377004738378524,-11.239690096985624
2002-02-15,-41.6450681283256,-52.08964966521619,33.09667379922195,-12.923898319647003
2002-02-16,-41.78632537820681,-52.01056035518047,32.596224661103086,-13.930463443836578
2002-02-17,-41.187494930319616,-51.86747073489771,33.798912054326614,-13.775177961298825
2002-02-18,-42.32091603779121,-52.22722237771235,33.51887290560426,-15.067471933482475
2002-02-19,-43.051753388552676,-52.03362358598863,33.75703210448763,-14.186518958887495
2002-02-20,-44.28991449367122,-51.2657896094427,33.75579980440781,-14.669590469482815
2002-02-21,-45.27562109518774,-51.18242304736973,33.26650082361129,-14.138159559988498
2002-02-22,-46.22861842443699,-50.96595943562734,32.56534367559858,-12.471188746946602
2002-02-23,-46.68935233616592,-51.041133281066955,32.4209762683289,-13.811451973041814
2002-02-24,-46.257217403206404,-50.21277361114982,32.085479612938485,-14.734010130245686
2002-02-25,-46.446779424393505,-50.672889726996914,32.754328422070394,-13.574762808593343
2002-02-26,-45.66613390875577,-51.45952487991583,32.878368250938315,-16.013131346752697
2002-02-27,-44.557271056805114,-50.54059634476285,32.62786282839435,-14.556683492828652
2002-02-28,-44.1826330266019,-51.939829285978654,33.57922666323346,-13.535217881411667
2002-03-01,-43.9798548249403,-52.655732860790884,32.43453524792368,-12.957559812757797
2002-03-02,-42.044316195772545,-52.338218848369685,31.539884389064298,-13.398002540394344
2002-03-03,-41.70106323378259,-52.598011191059456,32.127438385069375,-13.332090892625411
2002-03-04,-41.99515083288912,-52.865905651844244,31.13721938218904,-15.498634562237427
2002-03-05,-41.13125421218177,-54.74603498239736,34.13753725928492,-16.50044381449332
2002-03-06,-41.39114805963917,-54.16180686479828,34.08746862515255,-17.649023981544286
2002-03-07,-41.382927852107265,-53.673962746667115,34.784941945591754,-16.74103790920543
2002-03-08,-40.229394047574516,-53.092199933770154,34.54417666176133,-17.03562044320875
2002-03-09,-39.47777821134611,-53.7579839668342,34.812629591063306,-16.74996406641204
2002-03-10,-37.88295105772878,-51.68635288371449,35.079110638353484,-16.36258069058726
2002-03-11,-36.49946752855714,-51.87359761879291,35.20028441229244,-13.757594594396949
2002-03-12,-37.07611270169076,-52.10997955941124,35.91089575168993,-14.064681734531561
2002-03-13,-37.31265944504537,-50.918313958685125,34.85849665690858,-12.845172608262118
2002-03-14,-39.30856028983074,-51.23434266223957,35.68192574198798,-13.546716443394047
2002-03-15,-38.854597761553485,-51.718002146802995,33.99968771990092,-13.517208029183571
2002-03-16,-39.61389799377901,-52.60501727258819,35.29938373507995,-13.06060812540316
2002-03-17,-42.22964350946202,-51.798368164693365,36.659899942968366,-14.398982048101056
2002-03-18,-42.91330610134818,-52.013874108109654,37.15560479205839,-14.818159530027172
2002-03-19,-44.46129042808323,-53.20826497927235,35.490813863847094,-13.885572807831855
2002-03-20,-45.086341382063736,-52.63021202391024,35.47120944464705,-12.55194431920884
2002-03-21,-45.97817785572221,-51.43710971823318,37.62765290937359,-11.621375586284353
2002-03-22,-46.226733335611,-49.30334028312829,39.64242610757044,-13.033398892309188
2002-03-23,-46.4045232379203,-49.17606490052684,40.308657056574354,-11.687679934859805
2002-03-24,-47.59646209507315,-49.29887754341694,40.66892795565911,-10.788903688637548
2002-03-25,-46.99336933794243,-49.60168832054445,40.063938910876324,-11.102681933662035
2002-03-26,-47.11126375698133,-49.134097507487986,40.94422938873919,-11.38214887903968
2002-03-27,-47.42983119360229,-51.275454184482584,40.22164362216777,-8.963833875720105
2002-03-28,-46.94863495369408,-50.813036246923936,40.72710126561881,-7.461784913903951
2002-03-29,-46.63757341069728,-50.0816957650219,39.04084671129937,-7.681864370256971
2002-03-30,-45.154686192453944,-49.84465497987902,39.361022169948114,-8.890174219459851
2002-03-31,-44.749158589578556,-48.689038105386764,38.27088557843931,-8.379983823260357
2002-04-01,-45.34272869789059,-47.63637062260953,38.99749845582889,-8.681405666153058
2002-04-02,-47.986160901058575,-48.61074109853531,38.82857239805777,-7.868034422701264
2002-04-03,-48.61079515945725,-47.22460148650698,39.90646772328067,-8.56318780163676
2002-04-04,-49.35000580585877,-46.491364739252255,39.89544987470221,-9.040326775050922
2002-04-05,-50.81854441046356,-48.01881207537894,40.579831149544326,-8.081978073014369
2002-04-06,-50.27545410271714,-48.94932226112441,40.66886233910274,-6.062836339476487
2002-04-07,-50.44809718626506,-48.73239234186678,39.82702825548438,-5.346269985609427
2002-04-08,-49.322953000848145,-49.12798726392004,39.81652067941406,-4.858495459654638
2002-04-09,-48.71743746691039,-51.667515505563685,38.832743701776785,-3.852037979485416
2002-04-10,-49.560815667196245,-51.42765099761806,39.244169393291386,-2.008057815596519
2002-04-11,-49.834268584771344,-51.00291712654727,39.76621988250222,-0.7466101936191749
2002-04-12,-49.66671396403093,-50.40018695168603,39.8767538670505,0.057476911305805345
2002-04-13,-49.05335135736546,-51.238706949185456,39.37122565330189,-1.502780045222576
2002-04-14,-49.31587694447674,-51.14419879035012,39.36560066937328,-3.448889364362341
2002-04-15,-49.74338326735299,-51.1476860492556,39.13904353363563,-4.038838865506564
2002-04-16,-50.97519243643695,-50.46066490316328,39.44235439366715,-3.154509020810903
2002-04-17,-51.061374277931094,-51.52628403738066,39.78539694548234,-2.965037069146728
2002-04-18,-51.1091943833099,-49.497616583663614,38.13209306709983,-3.0497952996704147
2002-04-19,-51.67662953734939,-48.94944733952834,38.82151060478916,-3.476092953464975
2002-04-20,-53.03618334100373,-48.50580651836594,39.215042095961735,-2.4322110723076853
2002-04-21,-51.317593082697805,-48.25418903541128,39.358680776709434,-2.3883593851743887
2002-04-22,-53.22537999556976,-48.15282711930923,38.81709680085665,-3.3374458358338277
2002-04-23,-53.9005922059211,-48.43614960142432,40.51361906703165,-3.5289210610611272
2002-04-24,-54.89326117321545,-48.882945388766885,40.709962195612405,-4.041350393095063
2002-04-25,-55.60055706901067,-47.83158269856294,41.025364583590694,-5.3903301628523925
2002-04-26,-55.47359229068169,-48.604960464008116,41.15796050966392,-7.32330353722102
2002-04-27,-56.431655624931125,-48.9135224335442,41.03519827267956,-6.756807067351997
2002-04-28,-55.015882731745435,-48.64089738715096,40.6708736335718,-7.428358670230665
2002-04-29,-55.19652541265718,-49.61473118809926,39.98659192914275,-7.4494004198367785
2002-04-30,-53.006738548015306,-50.16359713361707,42.12239322824408,-6.253159356215115
2002-05-01,-54.01516087587194,-49.36715815227623,42.83631521862435,-6.874867338339002
2002-05-02,-54.629325115186745,-48.70780489756825,41.709006103026596,-6.5980932251760755
2002-05-03,-54.190753972374615,-48.511091220768606,41.52763565417431,-5.665989082138653
2002-05-04,-54.991151202341996,-47.73189970943657,41.60197617269983,-5.355907052650747
2002-05-05,-54.875654290364395,-49.28020536311254,41.30925089807754,-5.878372250636397
2002-05-06,-55.566789351271076,-47.958394251959,42.00441346000667,-3.740878667599432
2002-05-07,-56.30782382486963,-49.15579225050513,41.80562735066436,-3.827307874715874
2002-05-08,-55.81429694367634,-50.78640599530271,41.80471348206294,-5.164126752615517
2002-05-09,-56.291411208262446,-49.72601792289719,42.73244086578049,-4.91727520078894
2002-05-10,-55.683544752184645,-51.69459180558112,43.18624816388164,-6.2839018640244095
2002-05-11,-54.4099954389438,-51.144494808365216,42.515375514811446,-5.063449972124908
2002-05-12,-56.2336812611938,-51.62634032826231,43.4631492588693,-4.576793251454031
2002-05-13,-55.85300443821132,-52.72988244523066,42.17574038348932,-4.786440738735056
2002-05-14,-55.742788523416365,-52.005766673580595,42.47356225353992,-3.569368716613388
2002-05-15,-56.41117655395003,-52.20334037817168,43.35555301959782,-2.2600368296820297
2002-05-16,-57.27917272131778,-53.2819353800346,43.45324695728884,-0.7465439305073818
2002-05-17,-57.34469347789638,-51.157040400878536,42.29038803020726,0.21286664077023243
2002-05-18,-57.11790103561548,-51.1737922222853,42.317971797722386,-1.589167328353993
2002-05-19,-56.17054191218213,-51.15915606871716,42.661932567772226,-0.5221047236729632
2002-05-20,-54.895580972827304,-49.834512930651925,43.04648935297572,-1.909296036745589
2002-05-21,-55.576178530960895,-48.36502624775553,42.57304176471468,-3.4399063251480912
2002-05-22,-56.857913307945765,-47.67688226763765,44.1078340944669,-4.78364687294906
2002-05-23,-57.306200287111984,-47.05651946403008,44.33474379097695,-5.023913163524958
2002-05-24,-56.71558095823097,-46.6703052564231,44.033115751918515,-5.484236288942169
2002-05-25,-55.448769590173754,-47.43932942778111,45.833753507574365,-6.2288136945434065
2002-05-26,-54.357678031441026,-47.201292868596155,47.62956878610476,-6.173269422474519
2002-05-27,-54.895480359299505,-46.94105328526252,47.40384761652655,-7.441238787297944
2002-05-28,-56.10074467379067,-46.17825393608046,46.09403858966296,-6.2486134157563695
2002-05-29,-56.615606026501936,-45.07970977342225,45.74644338006999,-5.80876458644777
2002-05-30,-56.5097862585224,-44.737924540714616,46.848486012269206,-5.068060388064001
2002-05-31,-56.51299486402645,-43.37631296710017,47.38615609405337,-3.9234879748128186
2002-06-01,-55.137670862121,-43.87662722731593,48.582427892697204,-2.840335073544418
2002-06-02,-55.16890862529876,-44.87053628843413,48.57924596807612,-2.2454306356570957
2002-06-03,-56.270450826760225,-44.47838308642637,47.18046675689054,-1.7610404007734322
2002-06-04,-55.86288373473152,-44.32347101750478,46.055545572519506,-2.4504214063129908
2002-06-05,-56.03567020430403,-43.67658574867512,44.79072943959327,-1.4795342718813418
2002-06-06,-54.17496263870483,-43.83172137602379,43.50215639580728,-1.1324182431433232
2002-06-07,-55.473328010108034,-43.567687186587776,42.836289027040586,-2.5088859862049793
2002-06-08,-55.561156792040734,-45.29656732612765,41.520995624106845,-2.2888708462042353
2002-06-09,-55.421013879398174,-44.71376899694716,40.697126925435704,-1.7095252738519195
2002-06-10,-56.600604684042494,-44.817950806726664,40.428619828197206,-0.9630944153187727
2002-06-11,-57.093794128252654,-46.443022954228184,42.04931419857777,0.5403254549110746
2002-06-12,-57.800862644209865,-46.02723507077254,41.884285524152624,-0.7653489259145371
2002-06-13,-56.45281209293408,-46.47776066013644,42.77456978723466,-1.511244579990148
2002-06-14,-54.81658960969704,-46.56819495322106,43.33513014116492,-2.2436958989969056
2002-06-15,-56.3846216793707,-47.98412842761059,42.72922457413469,-1.223610783826873
2002-06-16,-55.96652714045642,-49.57409097908034,42.054340358852514,-1.0655655845857588
2002-06-17,-55.73715042101238,-50.04544914322673,41.81484907060574,-0.5789644154337092
2002-06-18,-56.635716862237594,-49.28528806315926,41.02247903132723,-2.1504745785058192
2002-06-19,-56.427653934668555,-49.53890293847291,39.113071919748094,-3.457343789367754
2002-06-20,-55.205248801973305,-48.70223139736507,39.39717788125772,-4.32435091179922
2002-06-21,-56.256766696063046,-47.37203182319487,38.05055535128631,-3.1082244544145947
2002-06-22,-57.486834860278194,-48.37259402994683,40.59336331636395,-3.327453338377211
2002-06-23,-56.65231305678511,-48.528824319524276,41.12511784411604,-4.030508780622865
2002-06-24,-56.76915050174459,-49.07519855854898,42.46280332347051,-5.30194600673242
2002-06-25,-54.42464199513676,-49.24317870989686,42.68591003353102,-4.065956218308299
2002-06-26,-55.36856810557466,-48.60008186577614,43.57685729445256,-2.8671033214135178
2002-06-27,-53.60581914211284,-48.5082437335913,43.501224331924625,-2.5301969780140423
2002-06-28,-52.815828510506975,-48.50706232098963,43.407719221860354,-0.8676563138313802
2002-06-29,-52.59572496678692,-47.321870487548075,40.465449972642226,-1.9107284712866515
2002-06-30,-52.63702568090586,-49.406069366564594,38.10354123408553,-1.7165191884395812
2002-07-01,-52.75422733086384,-50.687708993676644,38.948544933857356,-2.6305642283750457
2002-07-02,-52.61754511981781,-50.182647565791974,38.344341072143784,-1.6510247294993734
2002-07-03,-52.88114903632609,-51.09458480274587,36.46805710813937,-3.3081148739951987
2002-07-04,-53.77832533814011,-49.750771483446066,36.16417945961344,-1.5222001468900124
2002-07-05,-52.6631723108302,-50.645133396957036,36.76035208089105,-3.6741733252401643
2002-07-06,-53.91300250830148,-49.46566434148293,37.19315423891721,-4.298575138954277
2002-07-07,-52.803277835736836,-48.727809629777475,37.619961126395054,-4.744736648454538
2002-07-08,-53.009145371112055,-48.925533397080684,38.672219515368724,-4.865995852386714
2002-07-09,-54.021663023833064,-49.850589311008044,39.56485341952432,-3.7500586299019867
2002-07-10,-53.84146905245975,-50.19673406660726,37.58685286764443,-4.270009165260162
2002-07-11,-53.65095521769848,-49.95669840608138,36.332527026264046,-3.6822154567805248
2002-07-12,-52.82670033175973,-50.74157596375017,38.4305099589813,-3.0878926118263124
2002-07-13,-53.01050865053802,-51.13358425611924,38.20997704229288,-2.52471194839536
2002-07-14,-53.00112320071468,-51.9229276779545,38.464188122024886,-3.3863318215471994
2002-07-15,-53.97932587123108,-51.44534806954776,38.03247673228591,-3.386562433457452
2002-07-16,-54.905873306280355,-51.24823445696805,38.77979241302713,-2.5614514778708712
2002-07-17,-53.07258502232881,-51.06611017683741,39.95600249626942,-1.4699560525011164
2002-07-18,-51.77121700839231,-51.330863424662276,39.52642602148028,-0.9613743207846431
2002-07-19,-52.06667928891803,-51.01733545885751,39.43061897034052,-0.7214012032128063
2002-07-20,-52.406293956978416,-51.35281190689859,39.79174321339634,-1.5868590912636866
2002-07-21,-52.73881565865023,-49.960838096144386,41.55272975420362,-0.8617387176326133
2002-07-22,-51.98044672929542,-50.893172844144964,41.445543303484214,-1.0973165985579292
2002-07-23,-50.64729514135367,-50.90165146977313,41.97424407572403,-1.5706970969054104
2002-07-24,-51.180802334804305,-51.42007964334667,42.322009266425795,-1.133646740649078
2002-07-25,-52.99853983748336,-50.234915443199625,41.77618391212292,-1.9553908757806315
2002-07-26,-53.88131977429875,-53.108279845809854,40.950921959211435,0.2667645390378417
2002-07-27,-53.465256970093684,-53.28261673026861,42.26766178614442,-0.7451844395651883
2002-07-28,-51.881021090104575,-54.06014732068266,40.085091856501286,-0.6897789603484928
2002-07-29,-52.6182175352692,-55.22628931609911,39.03746305632953,-1.5250150814693497
2002-07-30,-52.375808073462316,-56.49606325154756,38.81735630171562,-0.06030373687113877
2002-07-31,-51.477830954227436,-55.52653915603741,38.388721141806265,0.8396424557694319
2002-08-01,-52.861201636349506,-54.78892863020055,38.04566059333454,1.1146710334097198
2002-08-02,-50.945092108826174,-54.33462163002191,36.75709179687114,1.278242094969144
2002-08-03,-50.707933199665234,-54.99098208370222,36.84561310502745,-0.8063112299760282
2002-08-04,-50.63509101803953,-56.97873898519146,36.444189057409396,-1.2174179787157455
2002-08-05,-49.76360331104253,-59.48378396364338,37.7539735093726,-0.8917010684836567
2002-08-06,-49.70927963639195,-59.75110308025248,39.27754409510796,-1.0245101336038576
2002-08-07,-49.169416771597525,-60.26579559916472,39.85146979921677,-1.010146339057809
2002-08-08,-47.84396689181875,-61.96858560789958,39.35408294996555,-1.0446495263762028
2002-08-09,-47.30096601313753,-62.329667884276596,39.57832983116574,-1.6810157314052456
2002-08-10,-48.78147501229571,-62.533145208245614,39.235472687146554,0.9379276894667905
2002-08-11,-49.55665341405245,-62.195735918122246,39.38101655851959,1.3220895811068372
2002-08-12,-49.6197895664168,-63.282207737717066,41.3352896633473,0.34280238652324024
2002-08-13,-48.17517730412123,-62.95533288673327,39.96161298370533,0.4885025833977702
2002-08-14,-47.032864437994554,-62.16658569304836,39.7005936363771,1.10703455772191
2002-08-15,-47.69911358119457,-61.30985060303023,39.95715863347235,1.8261020771009737
2002-08-16,-48.95728975129794,-62.691354281741894,38.959686288267655,2.719507678516811
2002-08-17,-48.563568908393044,-63.68272880320423,40.52913147611368,2.2827447775284826
2002-08-18,-48.971535536726854,-63.350849704758396,41.392007822307335,1.8640097717244561
2002-08-19,-48.47798940672898,-65.59402362161316,42.323539165005066,5.028933272672559
2002-08-20,-48.70321520636803,-66.1636418321018,43.21379372238363,5.373261663578991
2002-08-21,-49.984537497221055,-66.40283478778626,43.71971043892816,5.888589444293637
2002-08-22,-48.140152467358575,-66.34178698469998,43.03548557191048,5.053910026089737
2002-08-23,-47.10161657828533,-64.73157284759229,45.477311757754116,6.100923288026815
2002-08-24,-46.834238567506524,-64.82037725947914,45.31283374340563,5.829929634598024
2002-08-25,-46.79374076546125,-67.37495870129628,45.341729711787316,5.298634888355093
2002-08-26,-47.29672393399288,-66.67110709724915,45.12495310173151,5.391405088918149
2002-08-27,-47.31267068544552,-66.32750500463123,44.28283040356992,7.1651715922087575
2002-08-28,-48.9350871939996,-65.97267195143313,45.70448588269235,8.871456207896248
2002-08-29,-47.870437067376336,-66.98613753467752,46.62773655960903,8.322529481965661
2002-08-30,-47.32621189540033,-67.93164639916326,45.194149890334515,7.845610985696351
2002-08-31,-47.410106237791695,-67.73867798003815,44.94292366141098,6.921070966282794
2002-09-01,-46.60035097985829,-69.02087074700067,45.66894006482101,6.158386371152204
2002-09-02,-47.8182333046492,-69.39392267590071,43.95092159775164,4.552508175157142
2002-09-03,-47.85491849874639,-70.42485336093759,44.44863168725062,2.9910837491149533
2002-09-04,-48.01702276034897,-70.03801755683145,45.81456095925401,2.929048863728868
2002-09-05,-48.18254745140674,-70.26162244896084,45.866371239009794,3.4318452317799792
2002-09-06,-46.66396863307003,-71.679153097941,45.28144141299747,4.874267445963138
2002-09-07,-46.17352307627286,-73.14854708985241,44.28680047618357,6.107873228187426
2002-09-08,-45.777261896201495,-70.6920599433253,41.78032272524173,5.9990080689567264
2002-09-09,-46.08113604045462,-70.8099044955653,40.76057391901,7.5593701703216185
2002-09-10,-45.87429867530832,-72.64580759051883,41.196887405946484,7.644318480301406
2002-09-11,-46.20108148934179,-73.14061567280727,40.47424524759966,8.446262566826402
2002-09-12,-45.0484055775813,-74.43677707360352,40.212100915099946,8.153157594429588
2002-09-13,-45.90507407839711,-75.40529147140312,38.826203912876736,10.944045104715233
2002-09-14,-46.83291865770852,-75.16258401090664,39.739485359890814,11.866356002351504
2002-09-15,-47.875972492427465,-75.89438072914501,40.134608568324374,11.217601339277765
2002-09-16,-47.9884096912095,-75.5701691158573,38.101008930333236,12.180960459647613
2002-09-17,-49.622054113409945,-75.60652206566935,37.65563762745632,11.847816699075748
2002-09-18,-49.34486238853064,-73.26569387590673,37.42695304921084,11.264082127575977
2002-09-19,-49.94747082376215,-75.33836425529299,36.60236326231702,12.462882775837125
2002-09-20,-50.91502001088487,-76.23374009276615,36.66798971757808,10.698814706975064
2002-09-21,-51.936701390865046,-77.88278873114594,35.54629365979536,9.976777072675834
2002-09-22,-51.750246961184956,-77.64489182856259,35.14717563271751,11.657953331198474
2002-09-23,-51.27357639491993,-78.2081743830633,34.62696739423514,11.507040404110455
2002-09-24,-50.52346068072903,-77.6110122153454,34.35106208440985,9.624783916147376
2002-09-25,-50.04144197181283,-76.8563621689259,34.57318578278343,10.787380980589699
2002-09-26,-48.83665883530534,-77.37250716143964,33.59860535463719,9.197840039941555
